,0
0,<states_names.StatesNames object at 0x000002212C6E4190>
1,<states_names.StatesNames object at 0x000002212B6176D0>
2,<states_names.StatesNames object at 0x000002212E341ED0>
3,<states_names.StatesNames object at 0x000002212E3424D0>
4,<states_names.StatesNames object at 0x000002212E342A50>
5,<states_names.StatesNames object at 0x000002212E343090>
6,<states_names.StatesNames object at 0x000002212E343690>
7,<states_names.StatesNames object at 0x000002212E343C10>
8,<states_names.StatesNames object at 0x000002212E343310>
9,<states_names.StatesNames object at 0x000002212E343850>
10,<states_names.StatesNames object at 0x000002212E343E10>
11,<states_names.StatesNames object at 0x000002212E342010>
12,<states_names.StatesNames object at 0x000002212E355890>
13,<states_names.StatesNames object at 0x000002212E355E50>
14,<states_names.StatesNames object at 0x000002212E356410>
15,<states_names.StatesNames object at 0x000002212E3569D0>
16,<states_names.StatesNames object at 0x000002212E356F90>
17,<states_names.StatesNames object at 0x000002212E357550>
18,<states_names.StatesNames object at 0x000002212E357B10>
19,<states_names.StatesNames object at 0x000002212E3571D0>
20,<states_names.StatesNames object at 0x000002212E357750>
21,<states_names.StatesNames object at 0x000002212E357D10>
