Title,Price,Link
Monster Hunter Wilds,Free or Unavailable,https://store.steampowered.com/app/2246340/Monster_Hunter_Wilds/?snr=1_7_7_7000_150_1
EA SPORTS FC™ 25,Free or Unavailable,https://store.steampowered.com/app/2669320/EA_SPORTS_FC_25/?snr=1_7_7_7000_150_1
Counter-Strike 2,Free or Unavailable,https://store.steampowered.com/app/730/CounterStrike_2/?snr=1_7_7_7000_150_1
R.E.P.O.,Free or Unavailable,https://store.steampowered.com/app/3241660/REPO/?snr=1_7_7_7000_150_1
Tom Clancy's Ghost Recon® Breakpoint,Free or Unavailable,https://store.steampowered.com/app/2231380/Tom_Clancys_Ghost_Recon_Breakpoint/?snr=1_7_7_7000_150_1
Tom Clancy's Rainbow Six® Siege,Free or Unavailable,https://store.steampowered.com/app/359550/Tom_Clancys_Rainbow_Six_Siege/?snr=1_7_7_7000_150_1
Marvel Rivals,Free or Unavailable,https://store.steampowered.com/app/2767030/Marvel_Rivals/?snr=1_7_7_7000_150_1
Far Cry® 5,Free or Unavailable,https://store.steampowered.com/app/552520/Far_Cry_5/?snr=1_7_7_7000_150_1
Euro Truck Simulator 2,Free or Unavailable,https://store.steampowered.com/app/227300/Euro_Truck_Simulator_2/?snr=1_7_7_7000_150_1
PUBG: BATTLEGROUNDS,Free or Unavailable,https://store.steampowered.com/app/578080/PUBG_BATTLEGROUNDS/?snr=1_7_7_7000_150_1
Carry The Glass,Free or Unavailable,https://store.steampowered.com/app/3263320/Carry_The_Glass/?snr=1_7_7_7000_150_1
Grand Theft Auto V,Free or Unavailable,https://store.steampowered.com/app/271590/Grand_Theft_Auto_V/?snr=1_7_7_7000_150_1
Assassin’s Creed® IV Black Flag™,Free or Unavailable,https://store.steampowered.com/app/242050/Assassins_Creed_IV_Black_Flag/?snr=1_7_7_7000_150_1
Kingdom Come: Deliverance II,Free or Unavailable,https://store.steampowered.com/app/1771300/Kingdom_Come_Deliverance_II/?snr=1_7_7_7000_150_1
Dota 2,Free or Unavailable,https://store.steampowered.com/app/570/Dota_2/?snr=1_7_7_7000_150_1
Black Desert,Free or Unavailable,https://store.steampowered.com/app/582660/Black_Desert/?snr=1_7_7_7000_150_1
ELDEN RING,Free or Unavailable,https://store.steampowered.com/app/1245620/ELDEN_RING/?snr=1_7_7_7000_150_1
Far Cry® 4,Free or Unavailable,https://store.steampowered.com/app/298110/Far_Cry_4/?snr=1_7_7_7000_150_1
Warframe,Free or Unavailable,https://store.steampowered.com/app/230410/Warframe/?snr=1_7_7_7000_150_1
eFootball™,Free or Unavailable,https://store.steampowered.com/app/1665460/eFootball/?snr=1_7_7_7000_150_1
Lies of P,Free or Unavailable,https://store.steampowered.com/app/1627720/Lies_of_P/?snr=1_7_7_7000_150_1
Ready or Not,Free or Unavailable,https://store.steampowered.com/app/1144200/Ready_or_Not/?snr=1_7_7_7000_150_1
Dead by Daylight,Free or Unavailable,https://store.steampowered.com/app/381210/Dead_by_Daylight/?snr=1_7_7_7000_150_1
Path of Exile 2,Free or Unavailable,https://store.steampowered.com/app/2694490/Path_of_Exile_2/?snr=1_7_7_7000_150_1
Avatar: Frontiers of Pandora™,Free or Unavailable,https://store.steampowered.com/app/2840770/Avatar_Frontiers_of_Pandora/?snr=1_7_7_7000_150_1
Sid Meier's Civilization VII,Free or Unavailable,https://store.steampowered.com/app/1295660/Sid_Meiers_Civilization_VII/?snr=1_7_7_7000_150_1
Anno 1800,Free or Unavailable,https://store.steampowered.com/app/916440/Anno_1800/?snr=1_7_7_7000_150_1
American Truck Simulator,Free or Unavailable,https://store.steampowered.com/app/270880/American_Truck_Simulator/?snr=1_7_7_7000_150_1
Assassin's Creed Valhalla,Free or Unavailable,https://store.steampowered.com/app/2208920/Assassins_Creed_Valhalla/?snr=1_7_7_7000_150_1
Far Cry® 6,Free or Unavailable,https://store.steampowered.com/app/2369390/Far_Cry_6/?snr=1_7_7_7000_150_1
Call of Duty®: Warzone™,Free or Unavailable,https://store.steampowered.com/app/1962663/Call_of_Duty_Warzone/?snr=1_7_7_7000_150_1
THRONE AND LIBERTY,Free or Unavailable,https://store.steampowered.com/app/2429640/THRONE_AND_LIBERTY/?snr=1_7_7_7000_150_1
Baldur's Gate 3,Free or Unavailable,https://store.steampowered.com/app/1086940/Baldurs_Gate_3/?snr=1_7_7_7000_150_1
Travellers Rest,Free or Unavailable,https://store.steampowered.com/app/1139980/Travellers_Rest/?snr=1_7_7_7000_150_1
War Thunder,Free or Unavailable,https://store.steampowered.com/app/236390/War_Thunder/?snr=1_7_7_7000_150_1
Marvel's Spider-Man 2,Free or Unavailable,https://store.steampowered.com/app/2651280/Marvels_SpiderMan_2/?snr=1_7_7_7000_150_1
Star Wars Outlaws,Free or Unavailable,https://store.steampowered.com/app/2842040/Star_Wars_Outlaws/?snr=1_7_7_7000_150_1
Far Cry 3,Free or Unavailable,https://store.steampowered.com/app/220240/Far_Cry_3/?snr=1_7_7_7000_150_1
ULTRAKILL,Free or Unavailable,https://store.steampowered.com/app/1229490/ULTRAKILL/?snr=1_7_7_7000_150_1
Tom Clancy’s The Division® 2,Free or Unavailable,https://store.steampowered.com/app/2221490/Tom_Clancys_The_Division_2/?snr=1_7_7_7000_150_1
The Sims™ 4,Free or Unavailable,https://store.steampowered.com/app/1222670/The_Sims_4/?snr=1_7_7_7000_150_1
Assassin's Creed® Odyssey,Free or Unavailable,https://store.steampowered.com/app/812140/Assassins_Creed_Odyssey/?snr=1_7_7_7000_150_1
GrandChase,Free or Unavailable,https://store.steampowered.com/app/985810/GrandChase/?snr=1_7_7_7000_150_1
Lost Ark,Free or Unavailable,https://store.steampowered.com/app/1599340/Lost_Ark/?snr=1_7_7_7000_150_1
Immortals Fenyx Rising,Free or Unavailable,https://store.steampowered.com/app/2221920/Immortals_Fenyx_Rising/?snr=1_7_7_7000_150_1
Assassin's Creed Mirage,Free or Unavailable,https://store.steampowered.com/app/3035570/Assassins_Creed_Mirage/?snr=1_7_7_7000_150_1
NBA 2K25,Free or Unavailable,https://store.steampowered.com/app/2878980/NBA_2K25/?snr=1_7_7_7000_150_1
Far Cry® Primal,Free or Unavailable,https://store.steampowered.com/app/371660/Far_Cry_Primal/?snr=1_7_7_7000_150_1
Call of Duty®: Black Ops 6,Free or Unavailable,https://store.steampowered.com/app/2933620/Call_of_Duty_Black_Ops_6/?snr=1_7_7_7000_150_1
HELLDIVERS™ 2,Free or Unavailable,https://store.steampowered.com/app/553850/HELLDIVERS_2/?snr=1_7_7_7000_150_1
